Image,Blade Range,Total,Update Date,Image URL,Released Year,Model #,Brand,Type,Bevel,Slide,Blade Diameter,Watt,RPM,Power Supply,Soft Start,Laser,Others,Price,REF URL,Positioning/Highlights
,Ø222~267mm,"254
1800
Laser
E Brake
10"" Dual Bevel Slider. Key release of the year. Features Upfront Controls for bevel settings, arbor-mounted laser (`WasherGuide`), and tool-free depth stop. Street price ~$529.",,https://media.cdn.bauhaus/m/181725/15.jpg,2005,4410L,Bosch,1.Benchtop,Dual,Rail,254mm,1800mm,4800,Corded,Soft Start,Laser,E Brake,"10"" Dual Bevel Slider. Key release of the year. Features Upfront Controls for bevel settings, arbor-mounted laser (`WasherGuide`), and tool-free depth stop. Street price ~$529.",http://www.newwoodworker.com/reviews/bosch4410lrvu.html;https://www.google.com/search?q=Bosch+4410L+manual+review,"10"" Dual Bevel Slider. Key release of the year. Features Upfront Controls for bevel settings, arbor-mounted laser (`WasherGuide`), and tool-free depth stop. Street price ~$529."
,Ø222~267mm,"254
1560
-
-
10"" Single Bevel Slider. Replaced 3915. Upfront Controls, 13 Amp motor, lighter weight (54 lbs). Retail ~$488.",,https://media.cdn.bauhaus/m/181725/15.jpg,2008,4405,Bosch,1.Benchtop,Single,Rail,254mm,1560mm,4700,Corded,-,-,-,"10"" Single Bevel Slider. Replaced 3915. Upfront Controls, 13 Amp motor, lighter weight (54 lbs). Retail ~$488.",http://www.woodworkersjournal.com/bosch-4405-10-single-bevel-slide-miter-saw/;https://www.google.com/search?q=Bosch+4405+release+date+review,"10"" Single Bevel Slider. Replaced 3915. Upfront Controls, 13 Amp motor, lighter weight (54 lbs). Retail ~$488."
,Ø279~333mm,"305
1800
Laser
E Brake
12"" Dual Bevel Slider. Successor to 4412?. Added Arbor Laser, 25.5"" base capacity.",,https://media.cdn.bauhaus/m/181725/15.jpg,2008,5412L,Bosch,1.Benchtop,Dual,Rail,305mm,1800mm,3800,Corded,-,Laser,E Brake,"12"" Dual Bevel Slider. Successor to 4412?. Added Arbor Laser, 25.5"" base capacity.",https://www.google.com/search?q=Bosch+5412L+review+2008;https://www.google.com/search?q=Bosch+5412L+manual+pdf,"12"" Dual Bevel Slider. Successor to 4412?. Added Arbor Laser, 25.5"" base capacity."
,Ø279~333mm,"305
1800
-
E Brake
12"" Dual-Bevel Glide Miter Saw. **Flagship Launch**. First ""Rail-Free"" design using articulating arms. Saves 12"" workspace depth.",,https://media.cdn.bauhaus/m/181725/15.jpg,2010,GCM12SD,Bosch,1.Benchtop,Dual,Robust Arm,305mm,1800mm,4000,Corded,Soft Start,-,E Brake,"12"" Dual-Bevel Glide Miter Saw. **Flagship Launch**. First ""Rail-Free"" design using articulating arms. Saves 12"" workspace depth.",https://www.google.com/search?q=Bosch+GCM12SD+release+date+review;https://www.google.com/search?q=Bosch+Axial+Glide+system+press+release+2010,"12"" Dual-Bevel Glide Miter Saw. **Flagship Launch**. First ""Rail-Free"" design using articulating arms. Saves 12"" workspace depth."
,Ø222~267mm,"254
1800
-
E Brake
10"" Dual Bevel Slider. Released Aug 15. Features Upfront Controls, 15 Amp motor, light weight (portable).",,https://media.cdn.bauhaus/m/181725/15.jpg,2011,4310,Bosch,1.Benchtop,Dual,Rail,254mm,1800,4800,Corded,-,-,E Brake,"10"" Dual Bevel Slider. Released Aug 15. Features Upfront Controls, 15 Amp motor, light weight (portable).",https://www.google.com/search?q=Bosch+4310+release+date+woodworking+network;https://www.google.com/search?q=Bosch+4310+review+2011,"10"" Dual Bevel Slider. Released Aug 15. Features Upfront Controls, 15 Amp motor, light weight (portable)."
,Ø222~267mm,"254
1800
-
E Brake
10"" Dual-Bevel Glide. Announced Dec 2013. Brings ""Rail-Free"" tech to 10"" class. Replaces current flagship sliders?",,https://media.cdn.bauhaus/m/181725/15.jpg,2013,CM10GD,Bosch,1.Benchtop,Dual,Robust Arm,254mm,1800mm,4800,Corded,-,-,E Brake,"10"" Dual-Bevel Glide. Announced Dec 2013. Brings ""Rail-Free"" tech to 10"" class. Replaces current flagship sliders?",https://www.google.com/search?q=Bosch+CM10GD+announcement+2013;https://www.google.com/search?q=Bosch+CM10GD+review,"10"" Dual-Bevel Glide. Announced Dec 2013. Brings ""Rail-Free"" tech to 10"" class. Replaces current flagship sliders?"
,Ø191~222mm,"216
1440
-
-
8-1/2"" Single Bevel Slider. Announced Nov 2013. Ultra-portable (37 lbs).",,https://media.cdn.bauhaus/m/181725/15.jpg,2013,CM8S,Bosch,1.Benchtop,Single,Rail,216mm,1440mm,5600,Corded,-,-,-,"8-1/2"" Single Bevel Slider. Announced Nov 2013. Ultra-portable (37 lbs).",https://www.google.com/search?q=Bosch+CM8S+press+release+Nov+2013;https://www.google.com/search?q=Bosch+CM8S+review+2013,"8-1/2"" Single Bevel Slider. Announced Nov 2013. Ultra-portable (37 lbs)."
,Ø279~333mm,"305
1800
-
E Brake
12"" Dual-Bevel Slider (Rail-based?). Introduced World of Concrete (Jan 2015). Alternative/Successor to 5412L?",,https://media.cdn.bauhaus/m/181725/15.jpg,2015,CM12SD,Bosch,1.Benchtop,Dual,Rail,305mm,1800mm,4000,Corded,Soft Start,-,E Brake,"12"" Dual-Bevel Slider (Rail-based?). Introduced World of Concrete (Jan 2015). Alternative/Successor to 5412L?",https://www.google.com/search?q=Bosch+CM12SD+release+date+2015;https://www.google.com/search?q=Bosch+CM12SD+review,"12"" Dual-Bevel Slider (Rail-based?). Introduced World of Concrete (Jan 2015). Alternative/Successor to 5412L?"
,Ø191~222mm,"216
Laser
E Brake
18V 8-1/2"" Single Bevel Slider. **BITURBO Debut**. Announced Dec 2019. Lightweight (32 lbs). US Availability Q1 2020.",,https://media.cdn.bauhaus/m/181725/15.jpg,2019,GCM18V-08N,Bosch,1.Benchtop,Single,Rail,216mm,,4000,Cordless 18V,Soft Start,Laser,E Brake,"18V 8-1/2"" Single Bevel Slider. **BITURBO Debut**. Announced Dec 2019. Lightweight (32 lbs). US Availability Q1 2020.",https://www.google.com/search?q=Bosch+GCM18V-08N+release+date;https://www.google.com/search?q=Bosch+BITURBO+launch+2019,"18V 8-1/2"" Single Bevel Slider. **BITURBO Debut**. Announced Dec 2019. Lightweight (32 lbs). US Availability Q1 2020."
,Ø279~333mm,"305
-
E Brake
12"" Cordless Glide (Global). Released early 2021. US version (GCM18V-12SD) followed in 2022.",,https://media.cdn.bauhaus/m/181725/15.jpg,2021,GCM 18V-305 GDC,Bosch,1.Benchtop,Dual,Rail,305mm,,4000,Cordless 18V,Soft Start,-,E Brake,"12"" Cordless Glide (Global). Released early 2021. US version (GCM18V-12SD) followed in 2022.",https://www.google.com/search?q=Bosch+GCM+18V-305+GDC+release+date;https://www.google.com/search?q=Bosch+BITURBO+miter+saw+launch+2021,"12"" Cordless Glide (Global). Released early 2021. US version (GCM18V-12SD) followed in 2022."
,Ø127~191mm,"184
-
E Brake, 
7-1/4"" Single Bevel Slider (Cordless). Ultra-compact entry level.",,https://media.cdn.bauhaus/m/181725/15.jpg,2022,GCM18V-07SN,Bosch,1.Benchtop,Single,Rail,184mm,,4500,Cordless 18V,Soft Start,-,"E Brake, ","7-1/4"" Single Bevel Slider (Cordless). Ultra-compact entry level.",https://www.google.com/search?q=Bosch+GCM18V-12SD+press+release+Jan+2022;https://www.google.com/search?q=ToolGuyd+Bosch+miter+saw+2022,
,Ø222~267mm,"254
-
E Brake, 
10"" Dual-Bevel Slide (Cordless). Mid-size premium option.",,https://media.cdn.bauhaus/m/181725/15.jpg,2022,GCM18V-10SDN,Bosch,1.Benchtop,Dual,Rail,254mm,,,Cordless 18V,Soft Start,-,"E Brake, ","10"" Dual-Bevel Slide (Cordless). Mid-size premium option.",https://www.google.com/search?q=ToolGuyd+Bosch+miter+saw+2022;https://www.google.com/search?q=Bosch+GCM18V-10SD+review,
,Ø279~333mm,"305
Shadow
E Brake, 
12"" Dual-Bevel Glide (Cordless). **Flagship**. Corded power equivalent. Available Winter 2022.",,https://media.cdn.bauhaus/m/181725/15.jpg,2022,GCM18V-12GDCN,Bosch,1.Benchtop,Dual,Robust Arm,305mm,,4000,Cordless 18V,Soft Start,Shadow,"E Brake, ","12"" Dual-Bevel Glide (Cordless). **Flagship**. Corded power equivalent. Available Winter 2022.",https://www.google.com/search?q=Bosch+GCM18V-12GD+press+release+Jan+2022;https://www.google.com/search?q=Bosch+GCM18V-12GD+features,
,Ø279~333mm,"305
Shadow
E Brake, 
12"" Dual-Bevel Slide (Cordless). Traditional rail-based alternative to Glide.",,https://media.cdn.bauhaus/m/181725/15.jpg,2022,GCM18V-12SDN,Bosch,1.Benchtop,Dual,Rail,305mm,,4000,Cordless 18V,Soft Start,Shadow,"E Brake, ","12"" Dual-Bevel Slide (Cordless). Traditional rail-based alternative to Glide.",https://www.google.com/search?q=Bosch+GCM18V-12SD+press+release+Jan+2022;https://www.google.com/search?q=Bosch+GCM18V-12SD+features,
,Ø279~333mm,"305
1600
-
12"" Dual-Bevel Non-Sliding Compound Miter Saw. High capacity for crown molding without the complexity of rails.",,https://media.cdn.bauhaus/m/181725/15.jpg,2005,DW706,DeWalt,1.Benchtop,Dual,Compound,305mm,1600mm,3600,Corded,,-,,"12"" Dual-Bevel Non-Sliding Compound Miter Saw. High capacity for crown molding without the complexity of rails.",https://www.google.com/search?q=DeWalt+miter+saw+release+2005+press+release;https://www.google.com/search?q=DeWalt+DW706+release+date,"12"" Dual-Bevel Non-Sliding Compound Miter Saw. High capacity for crown molding without the complexity of rails."
,Ø191~222mm,"216
1600
-
8-1/2"" Single Bevel Sliding Compound Miter Saw. Compact, high-portability for trim work. Mentioned in 2005 technical updates.",,https://media.cdn.bauhaus/m/181725/15.jpg,2005,DW712,DeWalt,1.Benchtop,Single,Rail,216mm,1600mm,5400,Corded,,-,,"8-1/2"" Single Bevel Sliding Compound Miter Saw. Compact, high-portability for trim work. Mentioned in 2005 technical updates.",https://www.google.com/search?q=DeWalt+miter+saw+release+2005+press+release;https://www.google.com/search?q=DeWalt+DW712+release+date,"8-1/2"" Single Bevel Sliding Compound Miter Saw. Compact, high-portability for trim work. Mentioned in 2005 technical updates."
,Ø222~267mm,"254
1600
-
E Brake
10"" Compound Miter Saw. Replacement for the DW703. High-precision stainless steel detent plate.",,https://media.cdn.bauhaus/m/181725/15.jpg,2006,DW713,DeWalt,1.Benchtop,Single,Compound,254mm,1600mm,5000,Corded,,-,E Brake,"10"" Compound Miter Saw. Replacement for the DW703. High-precision stainless steel detent plate.",https://www.google.com/search?q=DeWalt+DW715+vs+DW705+introduction;https://www.google.com/search?q=DeWalt+DW713+Type+1+release+date,"10"" Compound Miter Saw. Replacement for the DW703. High-precision stainless steel detent plate."
,Ø279~333mm,"305
1600
-
E Brake
12"" Single-Bevel Compound Miter Saw. Modular successor to the DW705. Added capacity and accuracy.",,https://media.cdn.bauhaus/m/181725/15.jpg,2006,DW715,DeWalt,1.Benchtop,Single,Compound,305mm,1600mm,4000,Corded,,-,E Brake,"12"" Single-Bevel Compound Miter Saw. Modular successor to the DW705. Added capacity and accuracy.",https://www.google.com/search?q=DeWalt+DW715+vs+DW705+introduction;https://www.google.com/search?q=DeWalt+DW715+Type+1+release+date,"12"" Single-Bevel Compound Miter Saw. Modular successor to the DW705. Added capacity and accuracy."
,Ø279~333mm,"305
1600
-
E Brake
12"" Double-Bevel Non-Sliding Compound Miter Saw. High-speed (3,800 RPM) dual-bevel capability for large crown molding.",,https://media.cdn.bauhaus/m/181725/15.jpg,2007,DW716,DeWalt,1.Benchtop,Dual,Compound,305mm,1600mm,3800,Corded,,-,E Brake,"12"" Double-Bevel Non-Sliding Compound Miter Saw. High-speed (3,800 RPM) dual-bevel capability for large crown molding.",https://www.google.com/search?q=DeWalt+miter+saw+2007+catalog+models;https://www.google.com/search?q=DeWalt+DW716+introduction+year+press+release,"12"" Double-Bevel Non-Sliding Compound Miter Saw. High-speed (3,800 RPM) dual-bevel capability for large crown molding."
,Ø279~333mm,"305
1600
Laser
E Brake
12"" Double-Bevel Sliding Compound Miter Saw. **Flagship**. Replaced the DW708. Introduced improved rail geometry and 14 positive stops.",,https://media.cdn.bauhaus/m/181725/15.jpg,2007,DW718,DeWalt,1.Benchtop,Dual,Rail,305mm,1600mm,3600,Corded,,Laser,E Brake,"12"" Double-Bevel Sliding Compound Miter Saw. **Flagship**. Replaced the DW708. Introduced improved rail geometry and 14 positive stops.",https://www.google.com/search?q=DeWalt+miter+saw+2007+catalog+models;https://www.google.com/search?q=DeWalt+DW718+release+date+announcement+2007,"12"" Double-Bevel Sliding Compound Miter Saw. **Flagship**. Replaced the DW708. Introduced improved rail geometry and 14 positive stops."
,Ø222~267mm,"254
1600
Shadow
E Brake
10"" Double-Bevel Sliding Compound Miter Saw. High-speed 4,000 RPM motor. Dual horizontal rails. Sept 2008 Launch.",,https://media.cdn.bauhaus/m/181725/15.jpg,2008,DW717,DeWalt,1.Benchtop,Dual,Rail,254mm,1600mm,4000,Corded,,Shadow,E Brake,"10"" Double-Bevel Sliding Compound Miter Saw. High-speed 4,000 RPM motor. Dual horizontal rails. Sept 2008 Launch.",https://www.google.com/search?q=DeWalt+DW717+release+press+release+2008;https://www.google.com/search?q=DeWalt+DW717+release+press+release+2008,"10"" Double-Bevel Sliding Compound Miter Saw. High-speed 4,000 RPM motor. Dual horizontal rails. Sept 2008 Launch."
,Ø279~333mm,"305
1600
-
E Brake
12"" Double-Bevel Sliding Compound Miter Saw. Introduced as a high-value version of the DWS780, typically sold without the integrated XPS worklight.",,https://media.cdn.bauhaus/m/181725/15.jpg,2011,DWS779,DeWalt,1.Benchtop,Dual,Rail,305mm,1600mm,3800,Corded,Soft Start,-,E Brake,"12"" Double-Bevel Sliding Compound Miter Saw. Introduced as a high-value version of the DWS780, typically sold without the integrated XPS worklight.",https://www.google.com/search?q=DeWalt+DWS780+release+date+announcement;https://www.google.com/search?q=DeWalt+DWS779+release+date,"12"" Double-Bevel Sliding Compound Miter Saw. Introduced as a high-value version of the DWS780, typically sold without the integrated XPS worklight."
,Ø279~333mm,"305
1675
Shadow
E Brake, 
12"" Double-Bevel Sliding Compound Miter Saw. **Flagship Launch**. Integrated XPS system, high-efficiency dust collection (up to 75%), and tall sliding fences.",,https://media.cdn.bauhaus/m/181725/15.jpg,2011,DWS780,DeWalt,1.Benchtop,Dual,Rail,305mm,1675,3800,Corded,Soft Start,Shadow,"E Brake, ","12"" Double-Bevel Sliding Compound Miter Saw. **Flagship Launch**. Integrated XPS system, high-efficiency dust collection (up to 75%), and tall sliding fences.",https://www.google.com/search?q=DeWalt+DWS780+release+date+announcement;https://www.google.com/search?q=DeWalt+DWS780+review+2011,"12"" Double-Bevel Sliding Compound Miter Saw. **Flagship Launch**. Integrated XPS system, high-efficiency dust collection (up to 75%), and tall sliding fences."
,Ø279~333mm,"305
1600
-
E Brake, 
12"" Dual-Bevel Sliding Compound Miter Saw. Compact, lightweight (51 lbs) version of the DWS780. Tall sliding fences support 4-1/2"" crown.",,https://media.cdn.bauhaus/m/181725/15.jpg,2014,DWS709,DeWalt,1.Benchtop,Dual,Rail,305mm,1600mm,3800,Corded,Soft Start,-,"E Brake, ","12"" Dual-Bevel Sliding Compound Miter Saw. Compact, lightweight (51 lbs) version of the DWS780. Tall sliding fences support 4-1/2"" crown.",https://www.google.com/search?q=DeWalt+DWS709+release+date+review;https://www.google.com/search?q=DeWalt+DWS709+release+date+review,"12"" Dual-Bevel Sliding Compound Miter Saw. Compact, lightweight (51 lbs) version of the DWS780. Tall sliding fences support 4-1/2"" crown."
,Ø127~191mm,"184
2600
-
E Brake
7-1/4"" 20V MAX Cordless Sliding Compound Miter Saw. **First DeWalt Cordless Miter Saw**. Extremely portable (31.6 lbs). Integrated XPS system.",,https://media.cdn.bauhaus/m/181725/15.jpg,2015,DCS361,DeWalt,1.Benchtop,Single,Rail,184mm,2600mm,3750,Cordless 20V,Soft Start,-,E Brake,"7-1/4"" 20V MAX Cordless Sliding Compound Miter Saw. **First DeWalt Cordless Miter Saw**. Extremely portable (31.6 lbs). Integrated XPS system.",https://www.google.com/search?q=When+did+the+DeWalt+DCS361+come+out?;https://www.google.com/search?q=DeWalt+DCS361+release+date+review,"7-1/4"" 20V MAX Cordless Sliding Compound Miter Saw. **First DeWalt Cordless Miter Saw**. Extremely portable (31.6 lbs). Integrated XPS system."
,Ø279~333mm,"305
1800
-
E Brake
12"" 120V MAX FLEXVOLT Compound Miter Saw (Non-Slider). Hybrid power flagship for crown molding.",,https://media.cdn.bauhaus/m/181725/15.jpg,2016,DHS716,DeWalt,1.Benchtop,Dual,Compound,305mm,1800mm,3800,FlexVolt 60V2,Soft Start,-,E Brake,"12"" 120V MAX FLEXVOLT Compound Miter Saw (Non-Slider). Hybrid power flagship for crown molding.",https://www.google.com/search?q=DeWalt+FlexVolt+miter+saw+release+date+press+release+2016;https://www.google.com/search?q=DeWalt+DHS716+release+date+review,"12"" 120V MAX FLEXVOLT Compound Miter Saw (Non-Slider). Hybrid power flagship for crown molding."
,Ø279~333mm,"305
1800
Shadow
E Brake
12"" 120V MAX FLEXVOLT Sliding Compound Miter Saw. **Hybrid Power**. Integrated XPS. Corded or cordless operation via AC adapter or 2x 60V batteries.",,https://media.cdn.bauhaus/m/181725/15.jpg,2016,DHS790,DeWalt,1.Benchtop,Dual,Rail,305mm,1800mm,3800,FlexVolt 60V2,Soft Start,Shadow,E Brake,"12"" 120V MAX FLEXVOLT Sliding Compound Miter Saw. **Hybrid Power**. Integrated XPS. Corded or cordless operation via AC adapter or 2x 60V batteries.",https://www.google.com/search?q=DeWalt+FlexVolt+miter+saw+release+date+press+release+2016;https://www.google.com/search?q=DeWalt+DHS790+release+date+review,"12"" 120V MAX FLEXVOLT Sliding Compound Miter Saw. **Hybrid Power**. Integrated XPS. Corded or cordless operation via AC adapter or 2x 60V batteries."
,Ø191~222mm,"216
Shadow
E Brake
216mm (8-1/2"") 54V/60V MAX FLEXVOLT Sliding Miter Saw. High-speed brushless motor, compact design, integrated XPS.",,https://media.cdn.bauhaus/m/181725/15.jpg,2017,DCS777,DeWalt,1.Benchtop,Dual,Rail,216mm,,6300,FlexVolt 60V,Soft Start,Shadow,E Brake,"216mm (8-1/2"") 54V/60V MAX FLEXVOLT Sliding Miter Saw. High-speed brushless motor, compact design, integrated XPS.",https://www.google.com/search?q=DeWalt+DCS777+release+date;https://www.google.com/search?q=DeWalt+DCS777+release+date,"216mm (8-1/2"") 54V/60V MAX FLEXVOLT Sliding Miter Saw. High-speed brushless motor, compact design, integrated XPS."
,Ø222~267mm,"254
1600
-
-
10"" Compound Miter Saw. Updated stainless steel detent plate with 14 stops. Tall sliding fences.",,https://media.cdn.bauhaus/m/181725/15.jpg,2019,DWS713,DeWalt,1.Benchtop,Single,Compound,254mm,1600mm,5000,Corded,-,-,-,"10"" Compound Miter Saw. Updated stainless steel detent plate with 14 stops. Tall sliding fences.",https://www.google.com/search?q=DeWalt+DW715+vs+DW705+introduction;https://www.google.com/search?q=DeWalt+DWS713+Type+1+release+date,"10"" Compound Miter Saw. Updated stainless steel detent plate with 14 stops. Tall sliding fences."
,Ø279~333mm,"305
1600
-
-
12"" Single-Bevel Compound Miter Saw. High-value professional saw with 15-amp motor and improved base design.",,https://media.cdn.bauhaus/m/181725/15.jpg,2019,DWS715,DeWalt,1.Benchtop,Single,Compound,305mm,1600mm,4000,Corded,-,-,-,"12"" Single-Bevel Compound Miter Saw. High-value professional saw with 15-amp motor and improved base design.",https://www.google.com/search?q=DeWalt+DW715+vs+DW705+introduction;https://www.google.com/search?q=DeWalt+DWS713+Type+1+release+date,"12"" Single-Bevel Compound Miter Saw. High-value professional saw with 15-amp motor and improved base design."
,Ø279~333mm,"305
1800
Shadow
E Brake
12"" Double-Bevel Compound Miter Saw. **Flagship Non-Slider**. Integrated XPS, stainless detent plate, and cut-line shadow system.",,https://media.cdn.bauhaus/m/181725/15.jpg,2019,DWS716XPS,DeWalt,1.Benchtop,Dual,Compound,305mm,1800mm,3800,Corded,-,Shadow,E Brake,"12"" Double-Bevel Compound Miter Saw. **Flagship Non-Slider**. Integrated XPS, stainless detent plate, and cut-line shadow system.",https://www.google.com/search?q=DeWalt+DW715+vs+DW705+introduction;https://www.google.com/search?q=DeWalt+DWS716XPS+release+date,"12"" Double-Bevel Compound Miter Saw. **Flagship Non-Slider**. Integrated XPS, stainless detent plate, and cut-line shadow system."
,Ø279~333mm,"305
Shadow
E Brake, Interface, 
12"" 60V MAX Brushless Sliding Compound Miter Saw. **New Flagship**. Single-battery 60V design, regenerative braking, ultra-efficient dust collection.",,https://media.cdn.bauhaus/m/181725/15.jpg,2023,DCS781,DeWalt,1.Benchtop,Dual,Rail-Front,305mm,,3800,Cordless 60V,Soft Start,Shadow,"E Brake, Interface, ","12"" 60V MAX Brushless Sliding Compound Miter Saw. **New Flagship**. Single-battery 60V design, regenerative braking, ultra-efficient dust collection.",https://www.google.com/search?q=DeWalt+DCS781+release+date+announcement;https://www.google.com/search?q=DeWalt+DCS781+release+date+announcement,"12"" 60V MAX Brushless Sliding Compound Miter Saw. **New Flagship**. Single-battery 60V design, regenerative braking, ultra-efficient dust collection."
,Ø222~267mm,"254
Shadow
E Brake
10"" 20V MAX XR Double-Bevel Fixed Compound Miter Saw. High-precision non-slider with 15-amp equivalent performance. Integrated XPS.",,https://www.toolservicenet.com/i/DEWALT/GLOBALBOM/QU/DCS714B/1/Product_Image/EN/DCS714.jpg,2025,DCS714,DeWalt,1.Benchtop,Dual,Compound,254mm,,4900,Cordless 20V,Soft Start,Shadow,E Brake,"10"" 20V MAX XR Double-Bevel Fixed Compound Miter Saw. High-precision non-slider with 15-amp equivalent performance. Integrated XPS.",https://www.google.com/search?q=DeWalt+DCS714+20V+MAX+XR+10-inch+miter+saw+release+date,"10"" 20V MAX XR Double-Bevel Fixed Compound Miter Saw. High-precision non-slider with 15-amp equivalent performance. Integrated XPS."
,Ø279~333mm,"305
Shadow
E Brake
12"" 20V MAX XR Double-Bevel Sliding Compound Miter Saw. Full-size capacity on the 20V platform. Integrated XPS, belt-drive efficiency.",,https://www.dewalt.com/NAG/PRODUCT/IMAGES/HIRES/Ecomm_Large-DCS785WW1_1.jpg,2025,DCS785,DeWalt,1.Benchtop,Dual,Rail,305mm,,3800,Cordless 20V,Soft Start,Shadow,E Brake,"12"" 20V MAX XR Double-Bevel Sliding Compound Miter Saw. Full-size capacity on the 20V platform. Integrated XPS, belt-drive efficiency.",https://www.google.com/search?q=DeWalt+DCS785+20V+MAX+XR+12-inch+miter+saw+release+date;https://www.google.com/search?q=DeWalt+DCS785+20V+MAX+XR+12-inch+miter+saw+release+date,"12"" 20V MAX XR Double-Bevel Sliding Compound Miter Saw. Full-size capacity on the 20V platform. Integrated XPS, belt-drive efficiency."
,Ø222~267mm,"254
1800
-
10"" Compound Miter Saw. Lightweight DIY focus.",,https://media.cdn.bauhaus/m/181725/15.jpg,2005,ShopMaster MS265,Delta,1.Benchtop,Single,Compound,254mm,1800mm,5500,Corded,,-,,"10"" Compound Miter Saw. Lightweight DIY focus.",https://www.google.com/search?q=Delta+36-422L+recall+details,"10"" Compound Miter Saw. Lightweight DIY focus."
,Ø222~267mm,"254
1800
-
10"" Compound Miter Saw. Budget consumer line.",,https://media.cdn.bauhaus/m/181725/15.jpg,2005,ShopMaster MS275,Delta,1.Benchtop,Single,Compound,254mm,1800mm,5500,Corded,,-,,"10"" Compound Miter Saw. Budget consumer line.",https://www.google.com/search?q=Delta+ShopMaster+MS275+release+date,"10"" Compound Miter Saw. Budget consumer line."
,Ø279~333mm,"305
1800
Dual laser
12"" Compound Miter Saw. High capacity for wood and non-ferrous metals.",,https://media.cdn.bauhaus/m/181725/15.jpg,2007,36-255,Delta,1.Benchtop,Single,Compound,305mm,1800mm,3500,Corded,,Dual laser,,"12"" Compound Miter Saw. High capacity for wood and non-ferrous metals.",https://www.google.com/search?q=Delta+36-255+miter+saw+release+date,"12"" Compound Miter Saw. High capacity for wood and non-ferrous metals."
,Ø222~267mm,"254
1800
Laser
10"" Sliding Compound Miter Saw. Budget-friendly DIY focus.",,https://media.cdn.bauhaus/m/181725/15.jpg,2011,ShopMaster S26-260L,Delta,1.Benchtop,Single,Rail,254mm,1800mm,3800,Corded,,Laser,,"10"" Sliding Compound Miter Saw. Budget-friendly DIY focus.",https://www.google.com/search?q=Delta+Machinery+CTI+acquisition+date,"10"" Sliding Compound Miter Saw. Budget-friendly DIY focus."
,Ø222~267mm,"254
1800
-
E Brake
10"" Dual-Bevel Sliding Cruzer Miter Saw. Compact professional footprint.",,https://media.cdn.bauhaus/m/181725/15.jpg,2017,26-2240,Delta,1.Benchtop,Dual,Robust Arm,254mm,1800mm,4000,Corded,Soft Start,-,E Brake,"10"" Dual-Bevel Sliding Cruzer Miter Saw. Compact professional footprint.",https://www.google.com/search?q=Delta+26-2240+release+date,"10"" Dual-Bevel Sliding Cruzer Miter Saw. Compact professional footprint."
,Ø279~333mm,"305
1800
-
E Brake
12"" Dual-Bevel Sliding Cruzer Miter Saw. **Robotic Arm System**.",,https://media.cdn.bauhaus/m/181725/15.jpg,2017,26-2250,Delta,1.Benchtop,Dual,Robust Arm,305mm,1800mm,5000,Corded,Soft Start,-,E Brake,"12"" Dual-Bevel Sliding Cruzer Miter Saw. **Robotic Arm System**.",https://www.google.com/search?q=Delta+Cruzer+26-2250+release+date;https://www.google.com/search?q=Delta+Cruzer+26-2250+youtube+2017,"12"" Dual-Bevel Sliding Cruzer Miter Saw. **Robotic Arm System**."
,Ø222~267mm,"254
1800
Shadow
E Brake
10"" Dual-Bevel Cruzer 2. Enhanced LED shadow line.",,https://media.cdn.bauhaus/m/181725/15.jpg,2021,26-2241,Delta,1.Benchtop,Dual,Robust Arm,254mm,1800mm,4000,Corded,Soft Start,Shadow,E Brake,"10"" Dual-Bevel Cruzer 2. Enhanced LED shadow line.",https://www.google.com/search?q=Delta+26-2241+manual+2021,"10"" Dual-Bevel Cruzer 2. Enhanced LED shadow line."
,Ø279~333mm,"305
1800
Shadow
E Brake
12"" Dual-Bevel Cruzer 2. **Refined Dust Collection**. Adjustable arm tension.",,https://media.cdn.bauhaus/m/181725/15.jpg,2021,26-2251,Delta,1.Benchtop,Dual,Robust Arm,305mm,1800mm,4000,Corded,Soft Start,Shadow,E Brake,"12"" Dual-Bevel Cruzer 2. **Refined Dust Collection**. Adjustable arm tension.",https://www.google.com/search?q=Delta+Cruzer+2+26-2251+release+date;https://www.google.com/search?q=Delta+26-2251+unboxing+youtube,"12"" Dual-Bevel Cruzer 2. **Refined Dust Collection**. Adjustable arm tension."
,Ø191~222mm,"210
1600
-
8-1/4"" Compound Miter Saw. 1600W motor. Workhorse for the DIY market. 45° left/right miter, 45° left bevel.",,https://media.cdn.bauhaus/m/181725/15.jpg,2005,TC-MS 2112,Einhell,1.Benchtop,Single,Compound,210mm,1600mm,5000,Corded,,-,,"8-1/4"" Compound Miter Saw. 1600W motor. Workhorse for the DIY market. 45° left/right miter, 45° left bevel.",https://www.google.com/search?q=Einhell+TC-MS+2112+release+date;https://www.google.com/search?q=Einhell+TC-MS+2112+release+date+review,"8-1/4"" Compound Miter Saw. 1600W motor. Workhorse for the DIY market. 45° left/right miter, 45° left bevel."
,Ø222~267mm,"250
1600
Laser
10"" Compound Miter Saw. **Laser Integrated**. 1600W motor. Rotating table with precise angle adjustment.",,https://media.cdn.bauhaus/m/181725/15.jpg,2007,TC-MS 2513 L,Einhell,1.Benchtop,Single,Compound,250mm,1600mm,4000,Corded,,Laser,,"10"" Compound Miter Saw. **Laser Integrated**. 1600W motor. Rotating table with precise angle adjustment.",https://www.google.com/search?q=Einhell+TC-MS+2513+L+release+date;https://www.google.com/search?q=Einhell+TC-MS+2513+L+review+date,"10"" Compound Miter Saw. **Laser Integrated**. 1600W motor. Rotating table with precise angle adjustment."
,Ø191~222mm,"210
1800
Laser
8-1/4"" Sliding Compound Miter Saw. **Dual Bevel Debut**. Tilts 45° left and right. 1800W motor. Integrated laser.",,https://media.cdn.bauhaus/m/181725/15.jpg,2011,TC-SM 2131 Dual,Einhell,1.Benchtop,Dual,Rail,210mm,1800mm,5000,Corded,Soft Start,Laser,,"8-1/4"" Sliding Compound Miter Saw. **Dual Bevel Debut**. Tilts 45° left and right. 1800W motor. Integrated laser.",https://www.google.com/search?q=Einhell+TC-SM+2131+Dual+release+date;https://www.google.com/search?q=Einhell+TC-SM+2131+Dual+review+2011,"8-1/4"" Sliding Compound Miter Saw. **Dual Bevel Debut**. Tilts 45° left and right. 1800W motor. Integrated laser."
,Ø191~222mm,"210
Laser
VTC
8-1/4"" 18V PXC Cordless Compound Miter Saw. **PXC Debut**. Compact (7.5 kg), high portability. X-Tend work supports.",,https://media.cdn.bauhaus/m/181725/15.jpg,2015,TE-MS 18/210 Li,Einhell,1.Benchtop,Single,Compound,210mm,,3000,Cordless 18V,Soft Start,Laser,VTC,"8-1/4"" 18V PXC Cordless Compound Miter Saw. **PXC Debut**. Compact (7.5 kg), high portability. X-Tend work supports.",https://www.google.com/search?q=Einhell+Power+X-Change+launch+date;https://www.google.com/search?q=Einhell+TE-MS+18/210+Li+release+date,"8-1/4"" 18V PXC Cordless Compound Miter Saw. **PXC Debut**. Compact (7.5 kg), high portability. X-Tend work supports."
,Ø222~267mm,"250
2350
Laser
10"" Sliding Compound Miter Saw. **Dual Bevel**. 2350W motor. Integrated laser. Large cutting capacity (340mm).",,https://media.cdn.bauhaus/m/181725/15.jpg,2016,TC-SM 2534 Dual,Einhell,1.Benchtop,Dual,Rail,250mm,2350mm,5000,Corded,Soft Start,Laser,,"10"" Sliding Compound Miter Saw. **Dual Bevel**. 2350W motor. Integrated laser. Large cutting capacity (340mm).",https://www.google.com/search?q=Einhell+TC-SM+2534+Dual+release+date;https://www.google.com/search?q=Einhell+TC-SM+2534+Dual+release+date+review,"10"" Sliding Compound Miter Saw. **Dual Bevel**. 2350W motor. Integrated laser. Large cutting capacity (340mm)."
,Ø191~222mm,"210
Laser
E Brake
8-1/4"" Sliding Compound Miter Saw. **Twin-Pack (36V)**. Sliding function for wide cuts. Integrated laser and LED.",,https://media.cdn.bauhaus/m/181725/15.jpg,2018,TE-SM 36/210 Li,Einhell,1.Benchtop,Dual,Rail,210mm,,3800,Cordless 36V,Soft Start,Laser,E Brake,"8-1/4"" Sliding Compound Miter Saw. **Twin-Pack (36V)**. Sliding function for wide cuts. Integrated laser and LED.",https://www.google.com/search?q=Einhell+TE-SM+36/210+Li+release+date;https://www.google.com/search?q=Einhell+TE-SM+36/210+Li+review+2018,"8-1/4"" Sliding Compound Miter Saw. **Twin-Pack (36V)**. Sliding function for wide cuts. Integrated laser and LED."
,Ø222~267mm,"254
Laser
E Brake, VTC
10"" Sliding Compound Miter Saw. **PurePOWER Brushless**. 36V (2x18V). High cutting capacity (305mm). Premium DIY/Prosumer positioning.",,https://media.cdn.bauhaus/m/181725/15.jpg,2019,TE-SM 36/254 Li,Einhell,1.Benchtop,Dual,Rail,254mm,,4300,Cordless 36V,Soft Start,Laser,"E Brake, VTC","10"" Sliding Compound Miter Saw. **PurePOWER Brushless**. 36V (2x18V). High cutting capacity (305mm). Premium DIY/Prosumer positioning.",https://www.google.com/search?q=Einhell+TE-SM+36/254+Li+release+date;https://www.google.com/search?q=Einhell+TE-SM+36/254+Li+review+date,"10"" Sliding Compound Miter Saw. **PurePOWER Brushless**. 36V (2x18V). High cutting capacity (305mm). Premium DIY/Prosumer positioning."
,Ø191~222mm,"216
1150
-
E Brake, Speed Ctrl, SYM Fence
Symmetrical Miter Saw. Focus on internal and external angle transfer for trim. Compact design.",,https://media.cdn.bauhaus/m/181725/15.jpg,2005,SYM 70,Festool,1.Benchtop,No,Compound,216mm,1150mm,2700-5200,Corded,Soft Start,-,"E Brake, Speed Ctrl, SYM Fence",Symmetrical Miter Saw. Focus on internal and external angle transfer for trim. Compact design.,https://www.google.com/search?q=Festool+US+catalog+2005+SYM+70;https://www.google.com/search?q=Festool+2005+product+range+archive,Symmetrical Miter Saw. Focus on internal and external angle transfer for trim. Compact design.
,Ø222~267mm,"260
1600
Dual laser
E Brake, Speed Ctrl, VTC
10-1/4"" Sliding Compound Miter Saw. **Rail-Forward Design**. Dual-line lasers. MMC Electronics.",,https://media.cdn.bauhaus/m/181725/15.jpg,2008,Kapex KS 120,Festool,1.Benchtop,Dual,Rail-Front,260mm,1600mm,1400-3400,Corded,Soft Start,Dual laser,"E Brake, Speed Ctrl, VTC","10-1/4"" Sliding Compound Miter Saw. **Rail-Forward Design**. Dual-line lasers. MMC Electronics.",https://www.google.com/search?q=Festool+Kapex+KS+120+launch+date;https://www.google.com/search?q=Fine+Homebuilding+Festool+Kapex+review+2008,"10-1/4"" Sliding Compound Miter Saw. **Rail-Forward Design**. Dual-line lasers. MMC Electronics."
,Ø222~267mm,"260
1600
Dual laser
E Brake, Speed Ctrl, VTC
10-1/4"" Sliding Compound Miter Saw. ""Essentials"" Kapex. Rail-forward, same capacity as KS 120.",,https://media.cdn.bauhaus/m/181725/15.jpg,2010,Kapex KS 88,Festool,1.Benchtop,Dual,Rail-Front,260mm,1600mm,1400-3400,Corded,Soft Start,Dual laser,"E Brake, Speed Ctrl, VTC","10-1/4"" Sliding Compound Miter Saw. ""Essentials"" Kapex. Rail-forward, same capacity as KS 120.",https://www.google.com/search?q=Festool+Kapex+KS+88+vs+KS+120+comparison;https://www.google.com/search?q=Festool+KS+88+release+date,"10-1/4"" Sliding Compound Miter Saw. ""Essentials"" Kapex. Rail-forward, same capacity as KS 120."
,Ø191~222mm,"216
1200
Shadow
E Brake, Speed Ctrl, VTC
8-1/2"" Sliding Compound Miter Saw. **Compact Design**. LED shadow-line guidance. Pull-out table extensions.",,https://media.cdn.bauhaus/m/181725/15.jpg,2017,Kapex KS 60,Festool,1.Benchtop,Dual,Rail-Front,216mm,1200mm,1300-3500,Corded,Soft Start,Shadow,"E Brake, Speed Ctrl, VTC","8-1/2"" Sliding Compound Miter Saw. **Compact Design**. LED shadow-line guidance. Pull-out table extensions.",https://www.google.com/search?q=Festool+Kapex+KS+60+release+date;https://www.google.com/search?q=ToolGuyd+Festool+Kapex+KS+60+review+2017,"8-1/2"" Sliding Compound Miter Saw. **Compact Design**. LED shadow-line guidance. Pull-out table extensions."
,Ø191~222mm,"216
Shadow
E Brake, Speed Ctrl, VTC
8-1/2"" Cordless Sliding Miter Saw. **36V (2x18V) PXC**. Brushless Motor. Dual-column guide.",,https://media.cdn.bauhaus/m/181725/15.jpg,2021,Kapex KSC 60,Festool,1.Benchtop,Dual,Rail-Front,216mm,,1300-1800/3400,Cordless 36V,Soft Start,Shadow,"E Brake, Speed Ctrl, VTC","8-1/2"" Cordless Sliding Miter Saw. **36V (2x18V) PXC**. Brushless Motor. Dual-column guide.",https://www.google.com/search?q=Festool+KSC+60+release+date;https://www.google.com/search?q=Festool+cordless+innovations+2021+KSC+60,"8-1/2"" Cordless Sliding Miter Saw. **36V (2x18V) PXC**. Brushless Motor. Dual-column guide."
,Ø191~222mm,"216
Shadow
E Brake, Speed Ctrl, SYM Fence, IoT
Cordless Symmetrical Miter Saw. **18V/36V hybrid system**. Focus on trim carpentry.",,https://media.cdn.bauhaus/m/181725/15.jpg,2023,SYMC 70,Festool,1.Benchtop,No,Compound,216mm,,1300-1800/3500,Cordless 36V,Soft Start,Shadow,"E Brake, Speed Ctrl, SYM Fence, IoT",Cordless Symmetrical Miter Saw. **18V/36V hybrid system**. Focus on trim carpentry.,https://www.google.com/search?q=Festool+SYMC+70+release+date;https://www.google.com/search?q=Festool+SYMC+70+review+2023,Cordless Symmetrical Miter Saw. **18V/36V hybrid system**. Focus on trim carpentry.
,,"-
Inherited many designs from the 2004-2005 transition period.",,https://media.cdn.bauhaus/m/181725/15.jpg,2005,ShopMaster SM Series (Early),Kobalt,1.Benchtop,Single,Compound,,,,Corded,,-,,Inherited many designs from the 2004-2005 transition period.,https://www.google.com/search?q=Kobalt+power+tools+brand+history+2005,Inherited many designs from the 2004-2005 transition period.
,Ø127~191mm,"184
1080
Laser
7-1/4"" Sliding Compound Miter Saw. **Compact and Portable (30 lbs)**.",,https://media.cdn.bauhaus/m/181725/15.jpg,2013,SM1850LW,Kobalt,1.Benchtop,Single,Rail,184mm,1080mm,5000,Corded,,Laser,,"7-1/4"" Sliding Compound Miter Saw. **Compact and Portable (30 lbs)**.",https://www.google.com/search?q=Kobalt+SM1850LW+release+date;https://www.google.com/search?q=Kobalt+SM1850LW+manual+2013,"7-1/4"" Sliding Compound Miter Saw. **Compact and Portable (30 lbs)**."
,Ø279~333mm,"305
1800
Laser
E Brake
12"" Dual Bevel Sliding Compound Miter Saw. 15-Amp flaghsip.",,https://media.cdn.bauhaus/m/181725/15.jpg,2013,SM3055LW,Kobalt,1.Benchtop,Dual,Rail,305mm,1800mm,4200,Corded,Soft Start,Laser,E Brake,"12"" Dual Bevel Sliding Compound Miter Saw. 15-Amp flaghsip.",https://www.google.com/search?q=Kobalt+SM3055LW+manual+date,"12"" Dual Bevel Sliding Compound Miter Saw. 15-Amp flaghsip."
,Ø127~191mm,"184
Shadow
E Brake
7-1/4"" 24V Brushless Sliding Miter Saw. **Dual Bevel**. Brushless motor.",,https://media.cdn.bauhaus/m/181725/15.jpg,2018,KMS 0724A-03,Kobalt,1.Benchtop,Dual,Rail,184mm,,5100,Cordless 24V,Soft Start,Shadow,E Brake,"7-1/4"" 24V Brushless Sliding Miter Saw. **Dual Bevel**. Brushless motor.",https://www.google.com/search?q=Kobalt+KMS+0724A-03+release+date;https://www.google.com/search?q=Kobalt+KMS+0724A-03+manual+2018,"7-1/4"" 24V Brushless Sliding Miter Saw. **Dual Bevel**. Brushless motor."
,Ø127~191mm,"184
Shadow
Speed Ctrl
7-1/4"" 24V Brushless Slider Refresh. Improved electronics and motor cooling.",,https://media.cdn.bauhaus/m/181725/15.jpg,2021,KMS 0724B-03,Kobalt,1.Benchtop,Dual,Rail,184mm,,5100,Cordless 24V,Soft Start,Shadow,Speed Ctrl,"7-1/4"" 24V Brushless Slider Refresh. Improved electronics and motor cooling.",https://www.google.com/search?q=Kobalt+KMS+0724B-03+release+date;https://www.google.com/search?q=Kobalt+KMS+0724B-03+manual+2021,"7-1/4"" 24V Brushless Slider Refresh. Improved electronics and motor cooling."
,Ø222~267mm,"254
1650
-
E Brake
10"" Compound miter saw. 15 AMP motor, 4,600 RPM. Known for its rugged simplicity and high accuracy in a compact frame.",,https://media.cdn.bauhaus/m/181725/15.jpg,2005,LS1040,Makita,1.Benchtop,Single,Compound,254mm,1650mm,4600,Corded,Soft Start,-,E Brake,"10"" Compound miter saw. 15 AMP motor, 4,600 RPM. Known for its rugged simplicity and high accuracy in a compact frame.",https://www.google.com/search?q=Makita+18V+LXT+platform+launch+date;https://www.google.com/search?q=Makita+LS1040+release+date+manual,"10"" Compound miter saw. 15 AMP motor, 4,600 RPM. Known for its rugged simplicity and high accuracy in a compact frame."
,Ø279~333mm,"305
1650
Laser
E Brake
12"" Dual Slide Compound Miter Saw with Laser. Adjustable laser guide, 15 AMP motor. High vertical capacity for crown molding.",,https://media.cdn.bauhaus/m/181725/15.jpg,2007,LS1214L,Makita,1.Benchtop,Dual,Rail,305mm,1650mm,3200,Corded,-,Laser,E Brake,"12"" Dual Slide Compound Miter Saw with Laser. Adjustable laser guide, 15 AMP motor. High vertical capacity for crown molding.",https://www.google.com/search?q=Makita+LS1214L+release+date+review;https://www.google.com/search?q=Makita+LS1214L+release+date+review,"12"" Dual Slide Compound Miter Saw with Laser. Adjustable laser guide, 15 AMP motor. High vertical capacity for crown molding."
,Ø279~333mm,"305
1650
Laser
E Brake
12"" Dual Slide Compound Miter Saw with Laser and Fluorescent Light. Optimized for low-light jobsite conditions. Top pick by Fine Homebuilding.",,https://media.cdn.bauhaus/m/181725/15.jpg,2008,LS1214FL,Makita,1.Benchtop,Dual,Rail,305mm,1650mm,3200,Corded,-,Laser,E Brake,"12"" Dual Slide Compound Miter Saw with Laser and Fluorescent Light. Optimized for low-light jobsite conditions. Top pick by Fine Homebuilding.",https://www.google.com/search?q=Makita+LS1214FL+Fine+Homebuilding+review+2008;https://www.google.com/search?q=Makita+LS1214FL+release+date+review,"12"" Dual Slide Compound Miter Saw with Laser and Fluorescent Light. Optimized for low-light jobsite conditions. Top pick by Fine Homebuilding."
,Ø222~267mm,"254
1650
Laser
E Brake
10"" Dual Slide Compound Miter Saw. **DXT Debut**. 6-5/8"" crown cutting capacity (nested). 4-rail sliding system for extreme precision.",,https://media.cdn.bauhaus/m/181725/15.jpg,2009,LS1016L,Makita,1.Benchtop,Dual,Rail,254mm,1650mm,3200,Corded,Soft Start,Laser,E Brake,"10"" Dual Slide Compound Miter Saw. **DXT Debut**. 6-5/8"" crown cutting capacity (nested). 4-rail sliding system for extreme precision.",https://www.google.com/search?q=Makita+LS1016L+release+date+announcement;https://www.google.com/search?q=Makita+LS1016L+Fine+Woodworking+review+2009,"10"" Dual Slide Compound Miter Saw. **DXT Debut**. 6-5/8"" crown cutting capacity (nested). 4-rail sliding system for extreme precision."
,Ø222~267mm,"254
1560
Laser
-
10"" Sliding Compound Miter Saw with Laser. Positioned as a mid-tier professional option with high accuracy and a smaller footprint than the LS1016L.",,https://media.cdn.bauhaus/m/181725/15.jpg,2010,LS1017L,Makita,1.Benchtop,Single,Rail,254mm,1560mm,4200,Corded,-,Laser,-,"10"" Sliding Compound Miter Saw with Laser. Positioned as a mid-tier professional option with high accuracy and a smaller footprint than the LS1016L.",https://www.google.com/search?q=Makita+LS1017L+release+date,"10"" Sliding Compound Miter Saw with Laser. Positioned as a mid-tier professional option with high accuracy and a smaller footprint than the LS1016L."
,Ø279~333mm,"305
1650
Laser
E Brake
12"" Dual Slide Compound Miter Saw. **DXT Expansion**. 8"" crown cutting capacity (nested). 4-rail sliding system.",,https://media.cdn.bauhaus/m/181725/15.jpg,2010,LS1216L,Makita,1.Benchtop,Dual,Rail,305mm,1650mm,3200,Corded,Soft Start,Laser,E Brake,"12"" Dual Slide Compound Miter Saw. **DXT Expansion**. 8"" crown cutting capacity (nested). 4-rail sliding system.",https://www.google.com/search?q=Makita+LS1216L+release+date+announcement;https://www.google.com/search?q=Makita+LS1216L+WOOD+Magazine+top+tool+2010,"12"" Dual Slide Compound Miter Saw. **DXT Expansion**. 8"" crown cutting capacity (nested). 4-rail sliding system."
,Ø191~222mm,"191
-
Laser
-
7-1/4"" 18V LXT Cordless Sliding Compound Miter Saw. First LXT miter saw. Compact (27.5 lbs), high portability.",,https://media.cdn.bauhaus/m/181725/15.jpg,2012,LXSL01,Makita,1.Benchtop,Single,Rail,191mm,-,3600,Cordless 18V,-,Laser,-,"7-1/4"" 18V LXT Cordless Sliding Compound Miter Saw. First LXT miter saw. Compact (27.5 lbs), high portability.",https://www.google.com/search?q=Makita+LXSL01+release+date;https://www.google.com/search?q=Makita+DLS713+release+date,"7-1/4"" 18V LXT Cordless Sliding Compound Miter Saw. First LXT miter saw. Compact (27.5 lbs), high portability."
,Ø279~333mm,"305
1650
Laser
E Brake
12"" Table Top Miter Saw. Hybrid design (Miter Saw + Table Saw). 15 AMP motor, built-in laser and light.",,https://media.cdn.bauhaus/m/181725/15.jpg,2013,LH1200FL,Makita,3.Multi Function,Single,Compound,305mm,1650mm,3800,Corded,Soft Start,Laser,E Brake,"12"" Table Top Miter Saw. Hybrid design (Miter Saw + Table Saw). 15 AMP motor, built-in laser and light.",https://www.google.com/search?q=Makita+LH1200FL+release+date;https://www.google.com/search?q=Makita+LH1200FL+release+date,"12"" Table Top Miter Saw. Hybrid design (Miter Saw + Table Saw). 15 AMP motor, built-in laser and light."
,Ø222~267mm,"254
1430
-
E Brake
10"" Slide Compound Miter Saw. 13 AMP direct drive motor. Linear ball bearing system for accurate cuts. Large cutting capacity.",,https://media.cdn.bauhaus/m/181725/15.jpg,2014,LS1018,Makita,1.Benchtop,Dual,Rail,254mm,1430mm,4300,Corded,Soft Start,-,E Brake,"10"" Slide Compound Miter Saw. 13 AMP direct drive motor. Linear ball bearing system for accurate cuts. Large cutting capacity.",https://www.google.com/search?q=Makita+LS1018+release+date+announcement;https://www.google.com/search?q=Makita+LS1018+release+date+announcement,"10"" Slide Compound Miter Saw. 13 AMP direct drive motor. Linear ball bearing system for accurate cuts. Large cutting capacity."
,Ø191~222mm,"191
-
-
E Brake
7-1/2"" Dual Slide Compound Miter Saw. **X2 LXT (36V) Debut**. Brushless motor, 5,700 RPM. Equivalent to corded power.",,https://media.cdn.bauhaus/m/181725/15.jpg,2015,XSL02Z,Makita,1.Benchtop,Single,Rail,191mm,-,5700,Cordless 36V,Soft Start,-,E Brake,"7-1/2"" Dual Slide Compound Miter Saw. **X2 LXT (36V) Debut**. Brushless motor, 5,700 RPM. Equivalent to corded power.",https://www.google.com/search?q=Makita+XSL02Z+release+date+announcement;https://www.google.com/search?q=Makita+XSL02Z+release+date+announcement,
,Ø222~267mm,"254
1800
Laser
E Brake, 
10"" Dual-Bevel Sliding Compound Miter Saw. **Rail-Forward Design**. Can be used flush against walls. Dual dust collection ports.",,https://media.cdn.bauhaus/m/181725/15.jpg,2017,LS1019L,Makita,1.Benchtop,Dual,Rail-Front,254mm,1800mm,3200,Corded,Soft Start,Laser,"E Brake, ","10"" Dual-Bevel Sliding Compound Miter Saw. **Rail-Forward Design**. Can be used flush against walls. Dual dust collection ports.",https://www.google.com/search?q=Makita+LS1019L+release+date+announcement;https://www.google.com/search?q=Makita+LS1019L+release+date+announcement,"10"" Dual-Bevel Sliding Compound Miter Saw. **Rail-Forward Design**. Can be used flush against walls. Dual dust collection ports."
,Ø222~267mm,"254
Laser
E Brake, 
10"" 18V X2 (36V) LXT® Brushless Sliding Compound Miter Saw. **Cordless Rail-Forward**. Equivalent to corded performance with LS1019L design.",,https://media.cdn.bauhaus/m/181725/15.jpg,2017,XSL06Z,Makita,1.Benchtop,Dual,Rail-Front,254mm,,4400,Cordless 18V2,Soft Start,Laser,"E Brake, ","10"" 18V X2 (36V) LXT® Brushless Sliding Compound Miter Saw. **Cordless Rail-Forward**. Equivalent to corded performance with LS1019L design.",https://www.google.com/search?q=Makita+XSL06Z+release+date,"10"" 18V X2 (36V) LXT® Brushless Sliding Compound Miter Saw. **Cordless Rail-Forward**. Equivalent to corded performance with LS1019L design."
,Ø279~333mm,"305
1800
Laser
E Brake, 
12"" Dual-Bevel Sliding Compound Miter Saw. **Flagship Rail-Forward**. Large capacity (8"" crown nested). Flush-to-wall design.",,https://media.cdn.bauhaus/m/181725/15.jpg,2018,LS1219L,Makita,1.Benchtop,Dual,Rail-Front,305mm,1800mm,3200,Corded,Soft Start,Laser,"E Brake, ","12"" Dual-Bevel Sliding Compound Miter Saw. **Flagship Rail-Forward**. Large capacity (8"" crown nested). Flush-to-wall design.",https://www.google.com/search?q=Makita+LS1219L+release+date;https://www.google.com/search?q=Makita+LS1219L+release+date,"12"" Dual-Bevel Sliding Compound Miter Saw. **Flagship Rail-Forward**. Large capacity (8"" crown nested). Flush-to-wall design."
,Ø279~333mm,"305
Laser
E Brake, 
12"" 18V X2 (36V) LXT® Brushless Sliding Compound Miter Saw. **Cordless Flagship**. 56 lbs, rail-forward design.",,https://media.cdn.bauhaus/m/181725/15.jpg,2019,XSL07,Makita,1.Benchtop,Dual,Rail-Front,305mm,,4400,Cordless 18V2,Soft Start,Laser,"E Brake, ","12"" 18V X2 (36V) LXT® Brushless Sliding Compound Miter Saw. **Cordless Flagship**. 56 lbs, rail-forward design.",https://www.google.com/search?q=Makita+XSL07+release+date+announcement;https://www.google.com/search?q=Makita+XSL07+release+date+announcement,"12"" 18V X2 (36V) LXT® Brushless Sliding Compound Miter Saw. **Cordless Flagship**. 56 lbs, rail-forward design."
,Ø279~333mm,"305
Laser
E Brake,  Interface
12"" 18V X2 (36V) LXT® Brushless Sliding Compound Miter Saw. **AWS Capable**. Same specs as XSL07 but with Bluetooth integration.",,https://media.cdn.bauhaus/m/181725/15.jpg,2019,XSL08,Makita,1.Benchtop,Dual,Rail-Front,305mm,,4400,Cordless 18V2,Soft Start,Laser,"E Brake,  Interface","12"" 18V X2 (36V) LXT® Brushless Sliding Compound Miter Saw. **AWS Capable**. Same specs as XSL07 but with Bluetooth integration.",https://www.google.com/search?q=Makita+XSL07+release+date+announcement;https://www.google.com/search?q=Makita+XSL08+release+date,"12"" 18V X2 (36V) LXT® Brushless Sliding Compound Miter Saw. **AWS Capable**. Same specs as XSL07 but with Bluetooth integration."
,Ø191~222mm,"216
Shadow
E Brake,  Interface
8-1/2"" XGT® Brushless Sliding Compound Miter Saw. Compact, high-power for trim. AWS capable, rail-forward design.",,https://media.cdn.bauhaus/m/181725/15.jpg,2021,GSL02,Makita,1.Benchtop,Dual,Rail-Front,216mm,,4800,Cordless 40V,Soft Start,Shadow,"E Brake,  Interface","8-1/2"" XGT® Brushless Sliding Compound Miter Saw. Compact, high-power for trim. AWS capable, rail-forward design.",https://www.google.com/search?q=Makita+GSL04+release+date+announcement;https://www.google.com/search?q=Makita+GSL04+release+date+announcement,"8-1/2"" XGT® Brushless Sliding Compound Miter Saw. Compact, high-power for trim. AWS capable, rail-forward design."
,Ø222~267mm,"254
Shadow
E Brake,  Interface
10"" XGT® Brushless Sliding Compound Miter Saw. **Core Professional**. 6-5/8"" nested crown capacity. AWS capable.",,https://media.cdn.bauhaus/m/181725/15.jpg,2021,GSL03,Makita,1.Benchtop,Dual,Rail-Front,254mm,,3600,Cordless 40V,Soft Start,Shadow,"E Brake,  Interface","10"" XGT® Brushless Sliding Compound Miter Saw. **Core Professional**. 6-5/8"" nested crown capacity. AWS capable.",https://www.google.com/search?q=Makita+GSL04+release+date+announcement;https://www.google.com/search?q=Makita+GSL04+release+date+announcement,"10"" XGT® Brushless Sliding Compound Miter Saw. **Core Professional**. 6-5/8"" nested crown capacity. AWS capable."
,Ø279~333mm,"305
Shadow
E Brake,  Interface
12"" XGT® Brushless Sliding Compound Miter Saw. **New Flagship**. 3-5/8"" x 15"" crosscut capacity at 90°. AWS capable.",,https://media.cdn.bauhaus/m/181725/15.jpg,2021,GSL04,Makita,1.Benchtop,Dual,Rail-Front,305mm,,3600,Cordless 40V,Soft Start,Shadow,"E Brake,  Interface","12"" XGT® Brushless Sliding Compound Miter Saw. **New Flagship**. 3-5/8"" x 15"" crosscut capacity at 90°. AWS capable.",https://www.google.com/search?q=Makita+GSL04+release+date+announcement;https://www.google.com/search?q=Makita+GSL04+release+date+announcement,"12"" XGT® Brushless Sliding Compound Miter Saw. **New Flagship**. 3-5/8"" x 15"" crosscut capacity at 90°. AWS capable."
,Ø222~267mm,"254
1560
Shadow
E Brake, 
10"" Slide Compound Miter Saw. Corded value-professional model. 13 AMP motor, LED worklight, compact sub-base. Introduced late 2025.",,https://cdn.makitatools.com/apps/cms/img/ls1/adbfc575-a56a-4155-a992-e147510702d2_ls1110f_f_1500px.png,2025,LS1110F,Makita,1.Benchtop,Single,Rail,254mm,1560mm,4500,Corded,Soft Start,Shadow,"E Brake, ","10"" Slide Compound Miter Saw. Corded value-professional model. 13 AMP motor, LED worklight, compact sub-base. Introduced late 2025.",https://www.google.com/search?q=Makita+LS1110F+release+date,"10"" Slide Compound Miter Saw. Corded value-professional model. 13 AMP motor, LED worklight, compact sub-base. Introduced late 2025."
,Ø191~222mm,"216
1500
Laser
8-1/2"" (216mm) Sliding Compound Miter Saw. **Integrated Handle**.",,https://media.cdn.bauhaus/m/181725/15.jpg,2011,KGS 216 M,Metabo,1.Benchtop,Single,Rail,216mm,1500mm,5000,Corded,Soft Start,Laser,,"8-1/2"" (216mm) Sliding Compound Miter Saw. **Integrated Handle**.",https://www.google.com/search?q=Metabo+KGS+216+M+release+date,"8-1/2"" (216mm) Sliding Compound Miter Saw. **Integrated Handle**."
,Ø222~267mm,"254
1450
Laser
10"" (254mm) Sliding Compound Miter Saw. High-value professional slider.",,https://media.cdn.bauhaus/m/181725/15.jpg,2011,KGS 254 M,Metabo,1.Benchtop,Single,Rail,254mm,1450mm,4500,Corded,Soft Start,Laser,,"10"" (254mm) Sliding Compound Miter Saw. High-value professional slider.",https://www.google.com/search?q=Metabo+KGS+254+M+launch+history,"10"" (254mm) Sliding Compound Miter Saw. High-value professional slider."
,Ø222~267mm,"254
Shadow
E Brake
**Brushless 18V** 10"" Slider with PCL. High-torque cordless.",,https://media.cdn.bauhaus/m/181725/15.jpg,2023,KGS 18 LTX BL 254,Metabo,1.Benchtop,Single,Rail,254mm,,4000,CAS Cordless 18V,Soft Start,Shadow,E Brake,"**Brushless 18V** 10"" Slider with PCL. High-torque cordless.",,"**Brushless 18V** 10"" Slider with PCL. High-torque cordless."
,Ø191~222mm,"216
1500
Shadow
8-1/2"" Slider with **PCL System**. Improved dust collection.",,https://media.cdn.bauhaus/m/181725/15.jpg,2023,KGS 216 M (2023 Refresh),Metabo,1.Benchtop,Single,Rail,216mm,1500mm,5000,Corded,Soft Start,Shadow,,"8-1/2"" Slider with **PCL System**. Improved dust collection.",https://www.google.com/search?q=Metabo+KGS+216+M+2023+PCL+launch;https://www.google.com/search?q=Metabo+KGS+18+LTX+BL+254+release+date,"8-1/2"" Slider with **PCL System**. Improved dust collection."
,Ø222~267mm,"254
1450
Shadow
10"" Slider with PCL System. Refined table extensions.",,https://media.cdn.bauhaus/m/181725/15.jpg,2023,KGS 254 M (2023 Refresh),Metabo,1.Benchtop,Single,Rail,254mm,1450mm,4500,Corded,Soft Start,Shadow,,"10"" Slider with PCL System. Refined table extensions.",https://www.google.com/search?q=Metabo+official+catalog+2023+miter+saw,"10"" Slider with PCL System. Refined table extensions."
,Ø222~267mm,"254
1090
Laser
10"" Sliding Compound Miter Saw. High precision. Vertical handle with vibration reduction.",,https://media.cdn.bauhaus/m/181725/15.jpg,2005,C10FSH,MetaboHPT - Hitachi,1.Benchtop,Dual,Rail,254mm,1090mm,3800,Corded,Soft Start,Laser,,"10"" Sliding Compound Miter Saw. High precision. Vertical handle with vibration reduction.",https://www.google.com/search?q=Hitachi+power+tools+catalog+2005+miter+saw;https://www.google.com/search?q=Hitachi+C10FSH+review+2005,"10"" Sliding Compound Miter Saw. High precision. Vertical handle with vibration reduction."
,Ø279~333mm,"305
1850
Laser
E Brake, 
12"" Sliding Compound Miter Saw. **Fixed-Rail Zero Clearance**. Laser marker. Digital display (on some models).",,https://media.cdn.bauhaus/m/181725/15.jpg,2006,C12RSH,MetaboHPT - Hitachi,1.Benchtop,Dual,Rail,305mm,1850mm,3800,Corded,Soft Start,Laser,"E Brake, ","12"" Sliding Compound Miter Saw. **Fixed-Rail Zero Clearance**. Laser marker. Digital display (on some models).",https://www.google.com/search?q=Hitachi+C12RSH+release+date+review;https://www.google.com/search?q=Hitachi+C12RSH+manual+2006,"12"" Sliding Compound Miter Saw. **Fixed-Rail Zero Clearance**. Laser marker. Digital display (on some models)."
,Ø191~222mm,"216
1050
-
E Brake, 
8-1/2"" Sliding Compound Miter Saw. **Lightweight (31 lbs)**. Slide range up to 12"".",,https://media.cdn.bauhaus/m/181725/15.jpg,2008,C8FSE,MetaboHPT - Hitachi,1.Benchtop,Single,Rail,216mm,1050mm,5500,Corded,Soft Start,-,"E Brake, ","8-1/2"" Sliding Compound Miter Saw. **Lightweight (31 lbs)**. Slide range up to 12"".",https://www.google.com/search?q=Hitachi+C8FSE+release+date+review;https://www.google.com/search?q=Hitachi+C8FSE+specifications+2008,"8-1/2"" Sliding Compound Miter Saw. **Lightweight (31 lbs)**. Slide range up to 12""."
,Ø279~333mm,"305
1800
Laser
Interface, 
12"" Dual Compound Miter Saw. **LCD Digital Display**. Laser marker. 15-Amp motor.",,https://media.cdn.bauhaus/m/181725/15.jpg,2012,C12LDH,MetaboHPT - Hitachi,1.Benchtop,Dual,Compound,305mm,1800mm,4300,Corded,Soft Start,Laser,"Interface, ","12"" Dual Compound Miter Saw. **LCD Digital Display**. Laser marker. 15-Amp motor.",https://www.google.com/search?q=Hitachi+C12LDH+release+date+Newegg;https://www.google.com/search?q=Hitachi+C12LDH+review+2012,"12"" Dual Compound Miter Saw. **LCD Digital Display**. Laser marker. 15-Amp motor."
,Ø279~333mm,"305
1520
Laser
E Brake, 
12"" Sliding Compound Miter Saw. **Refined Fixed-Rail System**. Large sliding fences. 15-Amp motor.",,https://media.cdn.bauhaus/m/181725/15.jpg,2014,C12RSH2,MetaboHPT - Hitachi,1.Benchtop,Dual,Rail,305mm,1520mm,3850,Corded,Soft Start,Laser,"E Brake, ","12"" Sliding Compound Miter Saw. **Refined Fixed-Rail System**. Large sliding fences. 15-Amp motor.",https://www.google.com/search?q=Hitachi+C12RSH2+release+date;https://www.google.com/search?q=Hitachi+C12RSH2+manual+2014,"12"" Sliding Compound Miter Saw. **Refined Fixed-Rail System**. Large sliding fences. 15-Amp motor."
,Ø222~267mm,"254
1800
Laser
10"" Single Bevel Compound Miter Saw. **Ultra-Lightweight (24.2 lbs)**. 15-Amp motor. Large table for workpiece support.",,https://media.cdn.bauhaus/m/181725/15.jpg,2017,C10FCG,MetaboHPT - Hitachi,1.Benchtop,Single,Compound,254mm,1800mm,5000,Corded,Soft Start,Laser,,"10"" Single Bevel Compound Miter Saw. **Ultra-Lightweight (24.2 lbs)**. 15-Amp motor. Large table for workpiece support.",https://www.google.com/search?q=Hitachi+C10FCG+release+date+Amazon;https://www.google.com/search?q=Hitachi+C10FCG+review+2017,"10"" Single Bevel Compound Miter Saw. **Ultra-Lightweight (24.2 lbs)**. 15-Amp motor. Large table for workpiece support."
,Ø222~267mm,"254
Laser
E Brake,  Speed Ctrl
10"" Dual Bevel Sliding Compound Miter Saw. **MultiVolt (36V AC/DC)**. Brushless motor. Zero-clearance slide.",,https://media.cdn.bauhaus/m/181725/15.jpg,2019,C3610DRA,MetaboHPT - Hitachi,1.Benchtop,Dual,Rail,254mm,,4000,Cordless 36V,Soft Start,Laser,"E Brake,  Speed Ctrl","10"" Dual Bevel Sliding Compound Miter Saw. **MultiVolt (36V AC/DC)**. Brushless motor. Zero-clearance slide.",https://www.google.com/search?q=MetaboHPT+C3610DRA+release+date;https://www.google.com/search?q=MetaboHPT+MultiVolt+miter+saw+launch+date,"10"" Dual Bevel Sliding Compound Miter Saw. **MultiVolt (36V AC/DC)**. Brushless motor. Zero-clearance slide."
,Ø279~333mm,"305
Shadow
E Brake,  Speed Ctrl
12"" Dual Bevel Sliding Compound Miter Saw. **36V MultiVolt**. Upgraded brushless motor. Shadow-line standard.",,https://media.cdn.bauhaus/m/181725/15.jpg,2024,C3612DRA,MetaboHPT - Hitachi,1.Benchtop,Dual,Rail,305mm,,4000,Cordless 36V,Soft Start,Shadow,"E Brake,  Speed Ctrl","12"" Dual Bevel Sliding Compound Miter Saw. **36V MultiVolt**. Upgraded brushless motor. Shadow-line standard.",https://www.google.com/search?q=MetaboHPT+C3612DRA+release+date;https://www.google.com/search?q=MetaboHPT+C3612DRA+review+2024,"12"" Dual Bevel Sliding Compound Miter Saw. **36V MultiVolt**. Upgraded brushless motor. Shadow-line standard."
,Ø279~333mm,"305
1800
-
E Brake
12"" Dual-Bevel Sliding Compound Miter Saw. **Digital Miter Readout**. Constant Power Technology. Dual lights.",,https://media.cdn.bauhaus/m/181725/15.jpg,2007,6955-20,Milwaukee,1.Benchtop,Dual,Rail,305mm,1800mm,3200,Corded,Soft Start,-,E Brake,"12"" Dual-Bevel Sliding Compound Miter Saw. **Digital Miter Readout**. Constant Power Technology. Dual lights.",https://www.google.com/search?q=Milwaukee+6955-20+release+date+review;https://www.google.com/search?q=Milwaukee+6955-20+digital+miter+saw+manual+2007,"12"" Dual-Bevel Sliding Compound Miter Saw. **Digital Miter Readout**. Constant Power Technology. Dual lights."
,Ø127~191mm,"190
-
E Brake
7-1/2"" (190mm) Cordless Sliding Miter Saw. Compact design. **European Release**. Dual vertical rails.",,https://media.cdn.bauhaus/m/181725/15.jpg,2014,M18 SMS190,Milwaukee,1.Benchtop,Dual,Rail,190mm,,5000,Cordless 18V,,-,E Brake,"7-1/2"" (190mm) Cordless Sliding Miter Saw. Compact design. **European Release**. Dual vertical rails.",https://www.google.com/search?q=Milwaukee+M18+SMS190+release+date;https://www.google.com/search?q=Milwaukee+M18+SMS190+review+2014,
,Ø222~267mm,"254
Shadow
E Brake
10"" Dual-Bevel Sliding Compound Miter Saw. **First M18 FUEL Slider**. Shadow line technology.",,https://media.cdn.bauhaus/m/181725/15.jpg,2016,2734-20,Milwaukee,1.Benchtop,Dual,Rail,254mm,,4000,Cordless 18V,Soft Start,Shadow,E Brake,"10"" Dual-Bevel Sliding Compound Miter Saw. **First M18 FUEL Slider**. Shadow line technology.",https://www.google.com/search?q=Milwaukee+2734-20+release+date;https://www.google.com/search?q=Milwaukee+2734-20+review+2016,"10"" M18 FUEL Dual-Bevel Slider. **Single Battery System**."
,Ø279~333mm,"305
Shadow
E Brake, IoT
12"" Dual-Bevel Sliding Compound Miter Saw. **ONE-KEY Integration**. 12"" capacity in a cordless frame.",,https://media.cdn.bauhaus/m/181725/15.jpg,2019,2739-20,Milwaukee,1.Benchtop,Dual,Rail,305mm,,3500,Cordless 18V,Soft Start,Shadow,"E Brake, IoT","12"" Dual-Bevel Sliding Compound Miter Saw. **ONE-KEY Integration**. 12"" capacity in a cordless frame.",https://www.google.com/search?q=Milwaukee+2739-20+release+date;https://www.google.com/search?q=Milwaukee+2739-20+review+2019,"12"" M18 FUEL Dual-Bevel Slider. Optimized for **HD12.0 High Output** batteries."
,Ø191~222mm,"194
Shadow
E Brake
7-5/8"" Sliding Compound Miter Saw. **M12 FUEL (12V)**. Lightweight portability.",,https://media.cdn.bauhaus/m/181725/15.jpg,2021,2522-20,Milwaukee,1.Benchtop,Single,Rail,194mm,,5500,Cordless 12V,Soft Start,Shadow,E Brake,"7-5/8"" Sliding Compound Miter Saw. **M12 FUEL (12V)**. Lightweight portability.",https://www.google.com/search?q=Milwaukee+2522-20+release+date;https://www.google.com/search?q=Milwaukee+2522-20+review+2021,
,Ø279~333mm,"305
1800
-
12"" Sliding Compound Miter Saw. Dual Bevel. Heavy-duty cast iron/aluminum construction.",,https://media.cdn.bauhaus/m/181725/15.jpg,2005,MS1290,Ridgid,1.Benchtop,Dual,Rail,305mm,1800mm,4000,Corded,,-,,"12"" Sliding Compound Miter Saw. Dual Bevel. Heavy-duty cast iron/aluminum construction.",https://www.google.com/search?q=Ridgid+power+tools+catalog+2005+miter+saw;https://www.google.com/search?q=Ridgid+MS1290+review+2005,"12"" Sliding Compound Miter Saw. Dual Bevel. Heavy-duty cast iron/aluminum construction."
,Ø279~333mm,"305
1800
Laser
12"" Sliding Compound Miter Saw with Integrated Laser. Refined fence system.",,https://media.cdn.bauhaus/m/181725/15.jpg,2008,MS1290LZ,Ridgid,1.Benchtop,Dual,Rail,305mm,1800mm,4000,Corded,,Laser,,"12"" Sliding Compound Miter Saw with Integrated Laser. Refined fence system.",https://www.google.com/search?q=Ridgid+MS1290LZ+release+date;https://www.google.com/search?q=Ridgid+MS1290LZ+manual+2008,"12"" Sliding Compound Miter Saw with Integrated Laser. Refined fence system."
,Ø222~267mm,"254
1800
Dual laser
10"" Dual Bevel Sliding Compound Miter Saw. High-precision finish work focus.",,https://media.cdn.bauhaus/m/181725/15.jpg,2012,MS255SR,Ridgid,1.Benchtop,Dual,Rail,254mm,1800mm,3600,Corded,,Dual laser,,"10"" Dual Bevel Sliding Compound Miter Saw. High-precision finish work focus.",https://www.google.com/search?q=Ridgid+MS255SR+release+date;https://www.google.com/search?q=Ridgid+MS255SR+manual+2012,"10"" Dual Bevel Sliding Compound Miter Saw. High-precision finish work focus."
,Ø222~267mm,"254
1800
Shadow
10"" Dual Bevel Compound Miter Saw. **LED Cut Line Indicator**. 15-Amp motor.",,https://media.cdn.bauhaus/m/181725/15.jpg,2014,R4113,Ridgid,1.Benchtop,Dual,Compound,254mm,1800mm,5000,Corded,Soft Start,Shadow,,"10"" Dual Bevel Compound Miter Saw. **LED Cut Line Indicator**. 15-Amp motor.",https://www.google.com/search?q=Ridgid+R4113+release+date;https://www.google.com/search?q=Ridgid+R4113+manual+2014,"10"" Dual Bevel Compound Miter Saw. **LED Cut Line Indicator**. 15-Amp motor."
,Ø127~191mm,"184
-
E Brake
7-1/4"" Brushless Dual Bevel Sliding Miter Saw. **Ridgid's first 18V Brushless Slider**.",,https://media.cdn.bauhaus/m/181725/15.jpg,2016,R48607K,Ridgid,1.Benchtop,Dual,Rail,184mm,,3650,Cordless 18V,,-,E Brake,"7-1/4"" Brushless Dual Bevel Sliding Miter Saw. **Ridgid's first 18V Brushless Slider**.",https://www.google.com/search?q=Ridgid+R48607K+release+date;https://www.google.com/search?q=Ridgid+R48607K+manual+2016,"7-1/4"" Brushless Dual Bevel Sliding Miter Saw. **Ridgid's first 18V Brushless Slider**."
,Ø279~333mm,"305
1800
Shadow
E Brake
12"" Dual Bevel Sliding Compound Miter Saw. **8-Bearing Slide System**. LED Shadow Line.",,https://media.cdn.bauhaus/m/181725/15.jpg,2022,R4251,Ridgid,1.Benchtop,Dual,Rail,305mm,1800mm,4000,Corded,Soft Start,Shadow,E Brake,"12"" Dual Bevel Sliding Compound Miter Saw. **8-Bearing Slide System**. LED Shadow Line.",https://www.google.com/search?q=Ridgid+R4251+release+date;https://www.google.com/search?q=Ridgid+R4251+manual+2022,"12"" Dual Bevel Sliding Compound Miter Saw. **8-Bearing Slide System**. LED Shadow Line."
,Ø191~222mm,"210
1500
Laser
8"" (210mm) Sliding Compound Miter Saw. Budget entry.",,https://media.cdn.bauhaus/m/181725/15.jpg,2005,Woodster SL 8,Scheppach,1.Benchtop,Single,Rail,210mm,1500mm,5000,Corded,,Laser,,"8"" (210mm) Sliding Compound Miter Saw. Budget entry.",https://www.google.com/search?q=Scheppach+Woodster+brand+launch+2005,"8"" (210mm) Sliding Compound Miter Saw. Budget entry."
,Ø222~267mm,"254
1800
Laser
10"" (254mm) Sliding Compound Miter Saw. High-value professional features for DIY price.",,https://media.cdn.bauhaus/m/181725/15.jpg,2007,HM100L,Scheppach,1.Benchtop,Single,Rail,254mm,1800mm,5000,Corded,,Laser,,"10"" (254mm) Sliding Compound Miter Saw. High-value professional features for DIY price.",https://www.google.com/search?q=Scheppach+HM100L+release+date+review,"10"" (254mm) Sliding Compound Miter Saw. High-value professional features for DIY price."
,Ø191~222mm,"210
1500
Laser
8"" (210mm) Sliding Compound Miter Saw. **Lightweight (13.5 kg)**. 340mm cross-cut capacity.",,https://media.cdn.bauhaus/m/181725/15.jpg,2015,HM80L,Scheppach,1.Benchtop,Single,Rail,210mm,1500mm,5000,Corded,,Laser,,"8"" (210mm) Sliding Compound Miter Saw. **Lightweight (13.5 kg)**. 340mm cross-cut capacity.",https://www.google.com/search?q=Scheppach+HM80L+release+date;https://www.google.com/search?q=Scheppach+HM80L+manual+2015,"8"" (210mm) Sliding Compound Miter Saw. **Lightweight (13.5 kg)**. 340mm cross-cut capacity."
,Ø279~333mm,"305
2000
Laser
12"" (305mm) Sliding Compound Miter Saw. **Massive 330mm cut width**. Dual bevel.",,https://media.cdn.bauhaus/m/181725/15.jpg,2017,HM140L,Scheppach,1.Benchtop,Dual,Rail,305mm,2000mm,3800,Corded,Soft Start,Laser,,"12"" (305mm) Sliding Compound Miter Saw. **Massive 330mm cut width**. Dual bevel.",https://www.google.com/search?q=Scheppach+HM140L+release+date;https://www.google.com/search?q=Scheppach+HM140L+manual+2017,"12"" (305mm) Sliding Compound Miter Saw. **Massive 330mm cut width**. Dual bevel."
,Ø191~222mm,"216
2000
Laser
8-1/2"" (216mm) ""New Gen"" Slider. Lightweight aluminum frame.",,https://media.cdn.bauhaus/m/181725/15.jpg,2022,HM216SPX,Scheppach,1.Benchtop,Dual,Rail,216mm,2000mm,4800,Corded,Soft Start,Laser,,"8-1/2"" (216mm) ""New Gen"" Slider. Lightweight aluminum frame.",https://www.google.com/search?q=Scheppach+HM216SPX+release+date,"8-1/2"" (216mm) ""New Gen"" Slider. Lightweight aluminum frame."
,Ø222~267mm,"254
2000
Laser
E Brake, 
10"" (254mm) ""New Gen"" Slider. Optimized motor for hardwood.",,https://media.cdn.bauhaus/m/181725/15.jpg,2022,HM254SPX,Scheppach,1.Benchtop,Dual,Rail,254mm,2000mm,4800,Corded,Soft Start,Laser,"E Brake, ","10"" (254mm) ""New Gen"" Slider. Optimized motor for hardwood.",https://www.google.com/search?q=Scheppach+HM254SPX+review+2022,"10"" (254mm) ""New Gen"" Slider. Optimized motor for hardwood."
